prototype,mean_norm,std_norm,max_norm
0,0.6996507,0.3327878,1.7846683
1,0.51437086,0.35293558,1.6307534
2,0.5895802,0.30154395,1.5198607
3,0.70434505,0.23710507,1.5223995
