,P0,P1,P2,P3,_row_max,_row_min,_max_dev_from_uniform
class_00_Class,0.41661385,0.099557035,0.2808464,0.20298266,0.41661385,0.099557035,0.16661385
