prototype,mean_norm,std_norm,max_norm
0,1.3148273,0.7936192,4.4675913
1,1.2461605,0.846141,4.986873
2,1.4944152,0.87144333,4.368706
3,1.2861865,0.76280606,4.2103486
