,P0,P1,P2,P3,_row_max,_row_min,_max_dev_from_uniform
class_00_p_np,0.17537758,0.29458845,0.06164788,0.4683861,0.4683861,0.06164788,0.21838611
