prototype,mean_norm,std_norm,max_norm
0,4.152648,0.6608642,5.3780575
1,3.1281912,0.5752904,4.5013504
2,2.7671235,0.6545094,4.0682297
3,2.808015,0.38345045,3.9895735
