prototype,mean_norm,std_norm,max_norm
0,1.0670129,0.28888577,2.229936
1,1.0081657,0.35659146,2.5006478
2,1.0893773,0.32441124,2.70285
3,0.9705774,0.32304198,2.30812
4,1.0167278,0.31684327,2.4256396
5,1.1151972,0.38797045,3.003782
6,1.0072635,0.39519078,2.749285
7,0.98927677,0.2840995,2.191956
